Workbook

Sheet Repo Checklist
C2: Agency Code | F2: Auditor Name
C3: Agency Name | F3: Audit Date
C4: Agency Address | F4: Collection Manager
C5: Type of agency | D5: Repo Agency | F5: Agency Manager
A7: Sr.No. | B7: Rating Category | C7: Short Segmentation | D7: Particular | E7: Final Score | F7: Compliance status (Yes / No) | G7: Observation | H7: Closing Meeting Comments | I7: Pending Status (Open/ Closed) | J7: Timelines for Non-Closure Point
A8: 1 | B8: Allocation Compliance | C8: Not All cases allocated to agency CREs | D8: Verify whether all the cases that were repossessed were indeed those allocated to the repossession agency. (Open allocation needs to be highlighted) | E8: =IF(F8="Yes",4,"0") -> 4 | F8: Yes
A9: 2 | B9: TCOC | C9: TCOC Guidelines/Other communication not available | D9: Whether the Repo Do's & Don'ts poster displayed/Code of Conduct posters/ any other communication displayed in the offices ? | E9: =IF(F9="Yes",3,"0") -> 3 | F9: Yes
A10: 3 | B10: TCOC | C10: TCOC training not given by TCL Collection Manager | D10: Whether all agents are trained on the code of conduct & repossession and are well dressed while on field ? (Need to check the acknowledgement of the training given by CM) Authorisation Letter - Signed by Collection Manager must required with CREs /Owner details? | E10: =IF(F10="Yes",3,"0") -> 3 | F10: Yes
A11: 4 | B11: Data Security | C11: Data files were not password protected | D11: Whether data shared through mail are password protected / appropriate security measures are adopted by agency ? | E11: =IF(F11="Yes",3,"0") -> 3 | F11: Yes
A12: 5 | B12: Data Security | C12: Data is being shared on unregistered email ids | D12: Whether any mail containing financial institution's data sent to third party / unregistered mail Ids / unauthorized sharing? Customer Call/Chat on unauthorized channels like What's ap/Facebook or any other unauthorized mode of communication | E12: =IF(F12="Yes",3,"0") -> 3 | F12: Yes
A13: 6 | B13: Data Security | C13: Agency system has no restrictions hence data may fall into wrong hands | D13: Whether agency has restricted access of Desktop / Laptops/ Emails are enabled? Check whether agency do not have access of USB/Floppy/CD drives/Google Drive/Cloud storage/share drive/WhatsApp/any data sharing application for data transfer? | E13: =IF(F13="Yes",3,"0") -> 3 | F13: Yes
A14: 7 | B14: Data Security | C14: No exclusive system provided to TCL portfolio | D14: Whether separate/exclusive system/Email ID is provided? | E14: =IF(F14="Yes",3,"0") -> 3 | F14: Yes
A15: 8 | B15: Data Security | C15: Data purging is not being done – Old allocation files were available in agency's system | D15: Whether agency has purged data as per policy? | E15: =IF(F15="Yes",3,"0") -> 3 | F15: Yes
A16: 9 | B16: Infra and others | C16: Not cooperated by agency during audit | D16: Whether full cooperation/complete & timely data was received from agency for completing audit? | E16: =IF(F16="Yes",3,"0") -> 3 | F16: Yes
A17: 10 | B17: Infra and others | C17: Vendor code not created | D17: Whether repossession cases given to the Agency Post Vendor Code Creation only? | E17: =IF(F17="Yes",3,"0") -> 3 | F17: Yes
A18: 11 | B18: Infra and others | C18: Current address is not updated to TCL | D18: Whether agency has updated address & other details in company records | E18: =IF(F18="Yes",3,"0") -> 3 | F18: Yes
A19: 12 | B19: Infra and others | C19: Tata capital's name being used in agency office | D19: Has the agency made any reference to company's name on the his's name board & e-mail ? | E19: =IF(F19="Yes",3,"0") -> 3 | F19: Yes
A20: 13 | B20: Repossession Process | C20: Expired repo kit used/NCM Approval not taken before repossession | D20: Whether agency has returned all unused repo kits within 5 days of expiry? Whether NCM approval taken before initiating repossession on email/System? | E20: =IF(F20="Yes",5,"0") -> 5 | F20: Yes
A21: 14 | B21: Repossession Process | C21: Indemnity bond and newspaper publication not issued after repo kit loss | D21: Whether FIR, indemnity bond on stamp paper & Newspaper cut-out of published Notice for Loss / theft of repo kit is submitted by Agency as per format in case of lost/stolen repo kit & updated in repo kit tracker ? | E21: =IF(F21="Yes",5,"0") -> 5 | F21: Yes
A22: 15 | B22: Repossession Process | C22: Repossession done without valid Repo Kit | D22: Check whether any Repo done without valid repo kit? The repo date and repo kit issuance date should be validated. | E22: =IF(F22="Yes",5,"0") -> 5 | F22: Yes
A23: 16 | B23: Repossession Process | C23: Repo Kit Return Delay by agency | D23: Whether repossession kit along with all the documents are to be dispatched to the Branch/Central team within 2 business days from the time of deposition of repossessed asset in the yard? | E23: =IF(F23="Yes",4,"0") -> 4 | F23: Yes
A24: 17 | B24: Repossession Process | C24: LRN/PRN not issued | D24: Loan recall notice/Pre repossession notice. must be issued before initiation of repossession. Has the LRN cooling-off period been followed before repossession? | E24: =IF(F24="Yes",5,"0") -> 5 | F24: Yes
A25: 18 | B25: Repossession Process | C25: Repo kits were not filled correctly/Cutting overwriting on repo kits | D25: Have the repo kits been filled completely and correctly & no cuttings/alterations/ over writing on the repo kits. Also check whether proper Notarization is done and valid date and sign available wherever required and Pre/Post police intimation is done within TAT. | E25: =IF(F25="Yes",6,"0") -> 6 | F25: Yes
A26: 19 | B26: Repossession Process | C26: Repo Kit issuance request are not placed on email/letter head | D26: Whether the agency has raised standard repo kit issuance request through its registered Email ID/ Letter Head in case of offline repo kit used on Exceptional cases? | E26: =IF(F26="Yes",4,"0") -> 4 | F26: Yes
A27: 20 | B27: Repossession Process | C27: Repo Kit Tracker data maintained | D27: Whether the agency maintains Repo kit Tracker in the blue book every month? | E27: =IF(F27="Yes",3,"0") -> 3 | F27: Yes
A28: 21 | B28: Repossession Process | C28: Repo Kit register not maintained by agency | D28: Whether agency fill all the necessary details in the Repo Tracker which is available in the blue book every month? | E28: =IF(F28="Yes",3,"0") -> 3 | F28: Yes
A29: 22 | B29: Repossession Process | C29: Vehicles deposited in the yard within TAT | D29: Are all the vehicles deposited in the yard within the TAT? | E29: =IF(F29="Yes",6,"0") -> 6 | F29: Yes
A30: 23 | B30: Record Management | C30: Vendor agreement not available at agency office | D30: Whether the valid vendor agreement and the latest pay out grid maintained at the agency? | E30: =IF(F30="Yes",5,"0") -> 5 | F30: Yes
A31: 24 | B31: Record Management | C31: Visitor register not available | D31: Whether agency maintains visitor register in at their office ? Also, check if Manager / Senior manager visiting the agency signs the visiting register maintained at the agency. | E31: =IF(F31="Yes",2,"0") -> 2 | F31: Yes
A32: 25 | B32: Record Management | C32: Blue Book | D32: Whether blue book is available at the Agency? | E32: =IF(F32="Yes",1,"0") -> 1 | F32: Yes
A33: 26 | B33: Record Management | C33: Declaration cum undertaking in blue book | D33: Whether Declaration Cum Undertaking is filled and signed by the agency and CM/CCM in the Blue Book every month? | E33: =IF(F33="Yes",1,"0") -> 1 | F33: Yes
A34: 27 | B34: Record Management | C34: Monthly Audit and Compliance Checkpoints | D34: Monthly Audit and Compliance checkpoints have been done and details to be correctly/completely filled and maintained at agency in the Blue Book? | E34: =IF(F34="Yes",1,"0") -> 1 | F34: Yes
A35: 28 | B35: Record Management | C35: Infrastructure declaration | D35: Infrastructure declaration to be submitted by the agency every month in the blue book | E35: =IF(F35="Yes",1,"0") -> 1 | F35: Yes
A36: 29 | B36: Record Management | C36: NDC not shared | D36: Whether NDC is provided by the agency on quarterly basis? Whether any pending bill is available at agency?(Only Observation) | E36: =IF(F36="Yes",3,"0") -> 3 | F36: Yes
A37: 30 | B37: Record Management | C37: NDC not recorded in Blue Book | D37: No Dues Certificate to be printed and maintained and data to be recorded in the Blue Book. | E37: =IF(F37="Yes",1,"0") -> 1 | F37: Yes
A38: 31 | B38: Record Management | C38: Data Purging Declaration | D38: Whether agency has submitted Data Purging Declaration and recorded in the blue book every month? (T+3 months) | E38: =IF(F38="Yes",2,"0") -> 2 | F38: Yes
A39: 32 | B39: Miscellaneous | C39: Customer Escalations received | D39: Any escalations received from customer against Agency/agency CRE during the audit period and ratification action thereon as well as repetition of such instances in future. Whether any fraud reported by Agency/CRE during the last 1 year, if yes, brief details as well as current status thereof. In case any penalty has been levied same has been implemented or not, for e.g. Any CRE need to be removed as per Penalty matrix revert, need to check whether that CRE has been removed or not from TCL portfolios | E39: Only Observation Point | F39: Yes

Sheet Score Parameters
A1: S. No. | B1: Particulars | C1: Key Points | D1: Weightage | E1: Actual | F1: Percentage
A2: 1 | B2: Allocation Compliance | C2: =COUNTIF('Repo Checklist'!$B$7:$B$39,B2) -> 1 | D2: 4 | E2: =SUMIF('Repo Checklist'!$B$7:$B$39,'Score Parameters'!B2,'Repo Checklist'!$E$7:$E$39) -> 4 | F2: =IFERROR(E2/D2,"-") -> 1
A3: 2 | B3: TCOC | C3: =COUNTIF('Repo Checklist'!$B$7:$B$39,B3) -> 2 | D3: 6 | E3: =SUMIF('Repo Checklist'!$B$7:$B$39,'Score Parameters'!B3,'Repo Checklist'!$E$7:$E$39) -> 6 | F3: =IFERROR(E3/D3,"-") -> 1
A4: 3 | B4: Data Security | C4: =COUNTIF('Repo Checklist'!$B$7:$B$39,B4) -> 5 | D4: 15 | E4: =SUMIF('Repo Checklist'!$B$7:$B$39,'Score Parameters'!B4,'Repo Checklist'!$E$7:$E$39) -> 15 | F4: =IFERROR(E4/D4,"-") -> 1
A5: 4 | B5: Infra and others | C5: =COUNTIF('Repo Checklist'!$B$7:$B$39,B5) -> 4 | D5: 12 | E5: =SUMIF('Repo Checklist'!$B$7:$B$39,'Score Parameters'!B5,'Repo Checklist'!$E$7:$E$39) -> 12 | F5: =IFERROR(E5/D5,"-") -> 1
A6: 6 | B6: Repossession Process | C6: =COUNTIF('Repo Checklist'!$B$7:$B$39,B6) -> 10 | D6: 46 | E6: =SUMIF('Repo Checklist'!$B$7:$B$39,'Score Parameters'!B6,'Repo Checklist'!$E$7:$E$39) -> 46 | F6: =IFERROR(E6/D6,"-") -> 1
A7: 7 | B7: Record Management | C7: =COUNTIF('Repo Checklist'!$B$7:$B$39,B7) -> 9 | D7: 17 | E7: =SUMIF('Repo Checklist'!$B$7:$B$39,'Score Parameters'!B7,'Repo Checklist'!$E$7:$E$39) -> 17 | F7: =IFERROR(E7/D7,"-") -> 1
A8: 8 | B8: Miscellaneous | C8: =COUNTIF('Repo Checklist'!$B$7:$B$39,B8) -> 1 | D8: 0 | E8: =SUMIF('Repo Checklist'!$B$7:$B$39,'Score Parameters'!B8,'Repo Checklist'!$E$7:$E$39) -> 0 | F8: =IFERROR(E8/D8,"-") -> -
B9: Total | C9: =SUM(C2:C8) -> 32 | D9: =SUM(D2:D8) -> 100 | E9: =SUM(E2:E8) -> 100 | F9: =E9/D9 -> 1
A10: FINAL RATING | F10: {=_xlfn.IFS(F9>=80%,B13,F9>=70%,B14,F9>=60%,B15,F9>=50%,B16,F9<=49%,B17)} -> A
B12: Rating | C12: Scoring Segmentation
B13: A | C13: >=80
B14: B | C14: >=70 and <=79
B15: C | C15: >=60 and <=69
B16: D | C16: >=50 and <=59
B17: E | C17: <=49
