Workbook

Sheet Checklist
C2: Yard Name | F2: Auditor Name
C3: Yard Manager | F3: Yard Location
C4: Collection Manager | F4: Yard Address
C5: Type of Audit | D5: Stockyard | F5: Audit Date
A7: Sr. No. | B7: Parameter | C7: Proposed category | D7: Subparameter | E7: Final Score | F7: Compliance status (Yes / No) | G7: Observation | H7: Closing Meeting Comments | I7: Pending Status (Open/ Closed) | J7: Timelines for Non-Closure Point
A8: 1 | B8: Infrastructure | C8: Infrastructure | D8: Whether Yard is covered by all sides and has proper security measures? | E8: =IF(F8="Yes",2,"0") -> 2 | F8: Yes
A9: 2 | B9: Infrastructure | C9: Infrastructure | D9: Whether Yard has name board? | E9: =IF(F9="Yes",2,"0") -> 2 | F9: Yes
A10: 3 | B10: Infrastructure | C10: Infrastructure | D10: Whether stockyard CCTV camera records all necessary angels of the yard? | E10: =IF(F10="Yes",4,"0") -> 4 | F10: Yes
A11: 4 | B11: Infrastructure | C11: Infrastructure | D11: Whether CCTV footage maintained at the Stockyard? (To have at least backup for more than 30 days) | E11: =IF(F11="Yes",4,"0") -> 4 | F11: Yes
A12: 5 | B12: Infrastructure | C12: Infrastructure | D12: Whether yard covered with appropriate lighting with maintained wiring? | E12: =IF(F12="Yes",2,"0") -> 2 | F12: Yes
A13: 6 | B13: Infrastructure | C13: Infrastructure | D13: Whether yard is covered by proper shed? (especially two wheelers) | E13: =IF(F13="Yes",3,"0") -> 3 | F13: Yes
A14: 7 | B14: Infrastructure | C14: Infrastructure | D14: Whether yard surface is hard? (It should not be mud base surface to prevent muddiness) | E14: =IF(F14="Yes",2,"0") -> 2 | F14: Yes
A15: 8 | B15: Infrastructure | C15: Infrastructure | D15: Whether yard have enough space for storage of TCL vehicles? | E15: =IF(F15="Yes",2,"0") -> 2 | F15: Yes
A16: 9 | B16: Infrastructure | C16: Infrastructure | D16: Weather yard has proper inverter/ups backups for emergency and power failure? | E16: =IF(F16="Yes",2,"0") -> 2 | F16: Yes
A17: 10 | B17: Infrastructure | C17: Infrastructure | D17: Whether the yard has a small office with PC and internet connection, key board for storing the keys? | E17: =IF(F17="Yes",2,"0") -> 2 | F17: Yes
A18: 11 | B18: Infrastructure | C18: Infrastructure | D18: Whether parked vehicles in the stockyard are insured and protected against damage occurred by Natural calamities, theft and fire? Whether stockyard insurance policy is live and periodically renewed? (To safeguard our parked vehicles) | E18: =IF(F18="Yes",2,"0") -> 2 | F18: Yes
A19: 12 | B19: Infrastructure | C19: Infrastructure | D19: Whether Yard premises are used for residential purpose or any other business activities like manufacturing, garage workshop, office etc.? | E19: =IF(F19="Yes",2,"0") -> 2 | F19: Yes
A20: 13 | B20: Infrastructure | C20: Infrastructure | D20: Whether fire extinguisher are available and are in working condition? | E20: =IF(F20="Yes",2,"0") -> 2 | F20: Yes
A21: 14 | B21: Record Maintenance and Pasted identifier | C21: Record Maintenance and Pasted identifier | D21: Has all inward and outward entry of the assets is properly recorded with date and time in separate register maintained for TCL without cutting/ overwriting on it? | E21: =IF(F21="Yes",3,"0") -> 3 | F21: Yes
A22: 15 | B22: Record Maintenance and Pasted identifier | C22: Record Maintenance and Pasted identifier | D22: Whether Original KYC document with Aadhaar masking has been verified by yard Manager while releasing/sold of an asset? | E22: =IF(F22="Yes",5,"0") -> 5 | F22: Yes
A23: 16 | B23: Record Maintenance and Pasted identifier | C23: Record Maintenance and Pasted identifier | D23: Whether acknowledgment taken from the customer on release letter while releasing the asset from yard? Also check whether KYC details like Aadhaar no/Pan No/Any other Govt Issued ID card details mentioned on Release letter? | E23: =IF(F23="Yes",3,"0") -> 3 | F23: Yes
A24: 17 | B24: Record Maintenance and Pasted identifier | C24: Record Maintenance and Pasted identifier | D24: Whether signature of CM/CCM on the release letter gets validated with the Authorized signature specimen list of Collection need to be vetted by yard manager? Check whether vehicle has been release to the same person whose name is mentioned in the release letter, no third party letter other than TCL release letter to be accepted while releasing the assets. | E24: =IF(F24="Yes",5,"0") -> 5 | F24: Yes
A25: 18 | B25: Record Maintenance and Pasted identifier | C25: Record Maintenance and Pasted identifier | D25: Whether all release letters, inventory copies are properly filled and maintained at stockyard? | E25: =IF(F25="Yes",3,"0") -> 3 | F25: Yes
A26: 19 | B26: Record Maintenance and Pasted identifier | C26: Record Maintenance and Pasted identifier | D26: Whether Yard Manager pasted an identifier on the TCL asset containing all necessary requirements? | E26: =IF(F26="Yes",3,"0") -> 3 | F26: Yes
A27: 20 | B27: Record Maintenance and Pasted identifier | C27: Record Maintenance and Pasted identifier | D27: Do all the yard have updated list of valuers with specimen signatures and photographs attested? | E27: 0 | F27: Only Observation
A28: 21 | B28: Record Maintenance and Pasted identifier | C28: Record Maintenance and Pasted identifier | D28: Has the yard manager taken custody of the TCL assets keys and kept them separately in safe custody? | E28: =IF(F28="Yes",3,"0") -> 3 | F28: Yes
A29: 22 | B29: Record Maintenance and Pasted identifier | C29: Record Maintenance and Pasted identifier | D29: Whether visitor register is available at stockyard? Whether Asset inspection executive and valuer entry recorded in the visit register at the time of asset inspection by the dealer/customer? | E29: =IF(F29="Yes",3,"0") -> 3 | F29: Yes
A30: 23 | B30: Record Maintenance and Pasted identifier | C30: Record Maintenance and Pasted identifier | D30: Whether updated TCL authorised signatory list available in yard? | E30: =IF(F30="Yes",5,"0") -> 5 | F30: Yes
A31: 24 | B31: Record Maintenance and Pasted identifier | C31: Record Maintenance and Pasted identifier | D31: Whether valid yard agreement is available at yard(Non MFC)? | E31: =IF(F31="Yes",3,"0") -> 3 | F31: Yes
A32: 25 | B32: Record Maintenance and Pasted identifier | C32: Record Maintenance and Pasted identifier | D32: Whether any assets is parked in yard without valid TCL inventory sheet and released without valid release letter? | E32: =IF(F32="Yes",3,"0") -> 3 | F32: Yes
A33: 26 | B33: Stock verification | C33: Stock verification | D33: Has the yard physical stock tallied with the stock register (as on the date of visit by auditors)? | E33: =IF(F33="Yes",5,"0") -> 5 | F33: Yes
A34: 27 | B34: Stock verification | C34: Stock verification | D34: Whether Physical asset condition matched with the inventory sheet at yard? | E34: =IF(F34="Yes",5,"0") -> 5 | F34: Yes
A35: 28 | B35: Stock Maintenance & other | C35: Stock Maintenance & other | D35: Whether the yard manager doing proper maintenance (cleaning/ washing) of the TCL assets till the time asset parked at yard? | E35: =IF(F35="Yes",1,"0") -> 1 | F35: Yes
A36: 29 | B36: Stock Maintenance & other | C36: Stock Maintenance & other | D36: To sample check basis: To check the validity of the asset release letter, it should be the same day as mentioned in the release letter or within TAT. | E36: =IF(F36="Yes",5,"0") -> 5 | F36: Yes
A37: 30 | B37: Stock Maintenance & other | C37: Stock Maintenance & other | D37: Whether the asset stays at yard for more than 90 days? (as per Policy) (how many such instances found during Audit) | E37: =IF(F37="Yes",5,"0") -> 5 | F37: Yes
A38: 31 | B38: Stock Maintenance & other | C38: Stock Maintenance & other | D38: Whether all asset of TCL is parked in stockyard as one complete lot or group? (It should not be scattered or at random parking with other company’s asset) | E38: =IF(F38="Yes",5,"0") -> 5 | F38: Yes
A39: 32 | B39: Stock Maintenance & other | C39: Stock Maintenance & other | D39: Any other comment which Auditor wants to give | E39: 0 | F39: Only Observation
A40: 33 | B40: Stock Maintenance & other | C40: Stock Maintenance & other | D40: Whether monthly visit conducted in a yard by collection manager | E40: 0 | F40: Only Observation
A41: 34 | B41: Stock Maintenance & other | C41: Stock Maintenance & other | D41: Whether billing to customer has been charged as per defined agreement? | E41: =IF(F41="Yes",2,"0") -> 2 | F41: Yes
A42: 35 | B42: Stock Maintenance & other | C42: Stock Maintenance & other | D42: Whether full cooperation was received from yard for completing audit? | E42: =IF(F42="Yes",2,"0") -> 2 | F42: Yes

Sheet Score Parameters
A1: Key Points | B1: Key Points Measured | C1: Weightage | D1: Actual | E1: Percentage
A2: Infrastructure | B2: =COUNTIF(Checklist!$B$7:$B$42,A2) -> 13 | C2: 31 | D2: =SUMIF(Checklist!$B:$B,'Score Parameters'!$A2,Checklist!$E:$E) -> 31 | E2: =D2/C2 -> 1
A3: Record Maintenance and Pasted identifier | B3: =COUNTIF(Checklist!$B$7:$B$42,A3) -> 12 | C3: 39 | D3: =SUMIF(Checklist!$B:$B,'Score Parameters'!$A3,Checklist!$E:$E) -> 39 | E3: =D3/C3 -> 1
A4: Stock Maintenance & other | B4: =COUNTIF(Checklist!$B$7:$B$42,A4) -> 8 | C4: 20 | D4: =SUMIF(Checklist!$B:$B,'Score Parameters'!$A4,Checklist!$E:$E) -> 20 | E4: =D4/C4 -> 1
A5: Stock verification | B5: =COUNTIF(Checklist!$B$7:$B$42,A5) -> 2 | C5: 10 | D5: =SUMIF(Checklist!$B:$B,'Score Parameters'!$A5,Checklist!$E:$E) -> 10 | E5: =D5/C5 -> 1
A6: Grand Total | B6: =SUM(B2:B5) -> 35 | C6: =SUM(C2:C5) -> 100 | D6: =SUM(D2:D5) -> 100 | E6: =D6/C6 -> 1
A7: FINAL RATING | E7: =IF(E6>=0.8,"A",IF(E6>=0.7,"B",IF(E6>=0.6,"C",IF(E6>=0.5,"D","E")))) -> A
A10: Rating | B10: Scoring Segmentation
A11: A | B11: >=80
A12: B | B12: >=70 and <=79
A13: C | B13: >=60 and <=69
A14: D | B14: >=50 and <=59
A15: E | B15: <=49

Sheet Annexure
A1: Repokit No. | B1: Loan No. | C1: Customer Name | D1: Repo Date | E1: Observation | F1: CM Code | G1: CM | H1: CCM Code | I1: CCM | J1: RCM Code | K1: RCM | L1: ZCM Code | M1: ZCM | N1: NCM Code | O1: NCM

Sheet Supporting
A1: Observation
